<?xml version="1.0" encoding="UTF-8" standalone="yes"?>
<sbe:messageSchema xmlns:sbe="http://fixprotocol.io/2016/sbe"
                   package="io.aeron.archiver.codecs"
                   id="1"
                   version="0"
                   semanticVersion="5.2"
                   description="Message Codecs for communicating with an Aeron Archive"
                   byteOrder="littleEndian">
    <types>
        <composite name="messageHeader" description="Message identifiers and length of message root">
            <type name="blockLength" primitiveType="uint16"/>
            <type name="templateId"  primitiveType="uint16"/>
            <type name="schemaId"    primitiveType="uint16"/>
            <type name="version"     primitiveType="uint16"/>
        </composite>
        <composite name="groupSizeEncoding" description="Repeating group dimensions">
            <type name="blockLength" primitiveType="uint16"/>
            <type name="numInGroup"  primitiveType="uint16"/>
        </composite>
        <composite name="varAsciiEncoding">
            <type name="length"  primitiveType="uint32" maxValue="1073741824"/>
            <type name="varData" primitiveType="uint8" length="0" characterEncoding="US-ASCII"/>
        </composite>
        <enum name="ControlResponseCode" encodingType="uint8">
            <validValue name="OK">0</validValue>
            <validValue name="ERROR">1</validValue>
            <validValue name="RECORDING_NOT_FOUND">2</validValue>
            <validValue name="REPLAY_NOT_FOUND">3</validValue>
        </enum>
    </types>

    <sbe:message name="RecordingStarted"
                 id="101"
                 description="Describes a new image recording, sent both as notification and reply">
        <field name="recordingId"          id="1" type="int64"/>
        <field name="sessionId"            id="2" type="int32"/>
        <field name="streamId"             id="3" type="int32"/>
        <data  name="channel"              id="5" type="varAsciiEncoding"/>
        <data  name="sourceIdentity"       id="4" type="varAsciiEncoding"/>
    </sbe:message>

    <sbe:message name="RecordingProgress"
                 id="102"
                 description="Recording progress notification for an image">
        <field name="recordingId"          id="1" type="int64"/>
        <field name="joiningPosition"      id="2" type="int64"/>
        <field name="currentPosition"      id="3" type="int64"/>
    </sbe:message>

    <sbe:message name="RecordingStopped"
                 id="103"
                 description="Recording termination notification">
        <field name="recordingId"          id="1" type="int64"/>
        <field name="lastPosition"         id="2" type="int64"/>
    </sbe:message>

    <sbe:message name="ControlResponse"
                 id="1"
                 description="Generic response to a control request. Empty error message is an OK response">
        <field name="correlationId"        id="1" type="int64"/>
        <field name="code"                 id="2" type="ControlResponseCode"/>
        <data  name="errorMessage"         id="3" type="varAsciiEncoding"/>
    </sbe:message>

    <sbe:message name="StartRecordingRequest"
                 id="2"
                 description="Request a channel:stream be recorded">
        <field name="correlationId"        id="1" type="int64"/>
        <field name="streamId"             id="2" type="int32"/>
        <data  name="channel"              id="3" type="varAsciiEncoding"/>
    </sbe:message>

    <sbe:message name="StopRecordingRequest"
                 id="3"
                 description="Request a channel:stream stop recording">
        <field name="correlationId"        id="1" type="int64"/>
        <field name="recordingId"          id="2" type="int64"/>
    </sbe:message>

    <sbe:message name="ReplayRequest"
                 id="4"
                 description="Replay recording range request">
        <field name="correlationId"        id="1" type="int64"/>
        <field name="recordingId"          id="2" type="int64"/>
        <field name="position"             id="3" type="int64"/>
        <field name="length"               id="4" type="int64"/>
        <field name="replayStreamId"       id="5" type="int32"/>
        <data  name="replayChannel"        id="6" type="varAsciiEncoding"/>
    </sbe:message>

    <sbe:message name="ReplayStarted"
                 id="41"
                 description="Replay started response" >
        <field name="correlationId"        id="1" type="int64"/>
        <field name="replayId"             id="2" type="int64"/>
    </sbe:message>

    <sbe:message name="AbortReplayRequest"
                 id="5"
                 description="Abort replay of a requested stream" >
        <field name="correlationId"        id="1" type="int64"/>
        <field name="replayId"             id="2" type="int64"/>
    </sbe:message>

    <sbe:message name="ReplayAborted"
                 id="51"
                 description="Replay abort response" >
        <field name="correlationId"        id="1" type="int64"/>
        <field name="replayId"             id="2" type="int64"/>
        <field name="lastPosition"         id="3" type="int64"/>
    </sbe:message>

    <sbe:message name="ListRecordingsRequest"
                 id="6"
                 description="Request a range of recording descriptors">
        <field name="correlationId"        id="1" type="int64"/>
        <field name="fromRecordingId"      id="2" type="int64"/>
        <field name="recordCount"          id="3" type="int32"/>
    </sbe:message>

    <sbe:message name="RecordingNotFoundResponse"
                 id="61"
                 description="Failed to find a recording, also terminates query">
        <field name="correlationId"        id="1" type="int64"/>
        <field name="recordingId"          id="2" type="int64"/>
        <field name="maxRecordingId"       id="3" type="int64"/>
    </sbe:message>

    <sbe:message name="RecordingDescriptor"
                 id="7"
                 description="Describes a recording in the metadata file and catalog">
        <field name="correlationId"        id="1" type="int64" />
        <field name="recordingId"          id="2" type="int64"/>
        <field name="startTime"            id="3" type="uint64" epoch="unix" timeUnit="milliseconds"/>
        <field name="endTime"              id="4" type="uint64" epoch="unix" timeUnit="milliseconds"/>
        <field name="joiningPosition"      id="5" type="int64"/>
        <field name="lastPosition"         id="6" type="int64"/>
        <field name="initialTermId"        id="7" type="int32"/>
        <field name="termBufferLength"     id="8" type="int32"/>
        <field name="mtuLength"            id="9" type="int32"/>
        <field name="segmentFileLength"    id="10" type="int32"/>
        <field name="sessionId"            id="11" type="int32"/>
        <field name="streamId"             id="12" type="int32"/>
        <data  name="channel"              id="14" type="varAsciiEncoding"/>
        <data  name="sourceIdentity"       id="13" type="varAsciiEncoding"/>
    </sbe:message>

    <sbe:message name="ConnectRequest"
                 id="8"
                 description="Request a connection to the archive and provide response stream details">
        <field name="responseStreamId"     id="1" type="int32"/>
        <data  name="responseChannel"      id="2" type="varAsciiEncoding"/>
    </sbe:message>
</sbe:messageSchema>
